INSERT INTO `base_adtype` (`name`, `del_flag`, `item_status`, `create_time`, `update_time`, `remark`) VALUES ('前贴片', 0, 0, '2017-07-10 23:29:07', '2017-07-19 23:52:36', '无');
INSERT INTO `base_adtype` (`name`, `del_flag`, `item_status`, `create_time`, `update_time`, `remark`) VALUES ('开机', 0, 0, '2017-07-10 23:30:23', '2017-07-19 23:52:37', '无');
INSERT INTO `base_adtype` (`name`, `del_flag`, `item_status`, `create_time`, `update_time`, `remark`) VALUES ('APK启动', 0, 0, '2017-07-10 23:30:41', '2017-07-19 23:52:40', '无');


INSERT INTO `base_area` (`name`, `parent_id`, `level`, `code`, `room_pay`, `del_flag`, `item_status`, `creator_id`, `updater_id`, `create_time`, `update_time`, `remark`) VALUES ('北京公司', 0, 1, 'BJ', 1.00, 0, 0, 0, 0, '2017-07-19 22:24:09', '2017-07-19 22:57:53', '无');
INSERT INTO `base_area` (`name`, `parent_id`, `level`, `code`, `room_pay`, `del_flag`, `item_status`, `creator_id`, `updater_id`, `create_time`, `update_time`, `remark`) VALUES ('上海', 0, 1, 'SH', 1.00, 0, 0, 0, 0, '2017-07-19 22:58:24', '2017-07-19 22:58:24', '无');
INSERT INTO `base_area` (`name`, `parent_id`, `level`, `code`, `room_pay`, `del_flag`, `item_status`, `creator_id`, `updater_id`, `create_time`, `update_time`, `remark`) VALUES ('河北', 0, 1, 'HB', 1.00, 0, 0, 0, 0, '2017-07-19 22:58:53', '2017-07-19 22:58:53', '无');
INSERT INTO `base_area` (`name`, `parent_id`, `level`, `code`, `room_pay`, `del_flag`, `item_status`, `creator_id`, `updater_id`, `create_time`, `update_time`, `remark`) VALUES ('石家庄', 3, 2, 'SHJ', 1.00, 0, 0, 0, 0, '2017-07-19 22:59:13', '2017-07-19 22:59:13', '无');
INSERT INTO `base_area` (`name`, `parent_id`, `level`, `code`, `room_pay`, `del_flag`, `item_status`, `creator_id`, `updater_id`, `create_time`, `update_time`, `remark`) VALUES ('张家口', 3, 2, 'ZJK', 1.00, 0, 0, 0, 0, '2017-07-19 23:00:17', '2017-07-19 23:00:17', '无');
INSERT INTO `base_area` (`name`, `parent_id`, `level`, `code`, `room_pay`, `del_flag`, `item_status`, `creator_id`, `updater_id`, `create_time`, `update_time`, `remark`) VALUES ('辽宁', 0, 1, 'LN', 1.00, 0, 0, 0, 0, '2017-07-19 23:01:08', '2017-07-19 23:01:08', '无');


INSERT INTO `base_area_finance` (`name`, `area_id`, `start_date`, `end_date`, `room_pay`, `person_pay`, `other_pay`, `cost_buy`, `income`, `tax`, `sales_commission`, `pay1`, `pay3`, `pay2`, `del_flag`, `item_status`, `creator_id`, `updater_id`, `create_time`, `update_time`, `remark`) VALUES ('北京一公司', 1, '2017-07-01 00:00:00', '2018-07-01 00:00:00', 100000.00, 20000.00, 300000.00, 100.00, 10000000000.00, 130000.00, 1.00, 1.00, 0.00, 0.00, 0, 0, 0, 0, '2017-07-19 23:08:34', '2017-07-19 23:08:34', '无');
INSERT INTO `base_area_finance` (`name`, `area_id`, `start_date`, `end_date`, `room_pay`, `person_pay`, `other_pay`, `cost_buy`, `income`, `tax`, `sales_commission`, `pay1`, `pay3`, `pay2`, `del_flag`, `item_status`, `creator_id`, `updater_id`, `create_time`, `update_time`, `remark`) VALUES ('北京二公司', 1, '2017-08-01 00:00:00', '2018-07-01 00:00:00', 1.00, 2.00, 3.00, 4.00, 5.00, 6.00, 7.00, 1.00, 0.00, 0.00, 0, 0, 0, 0, '2017-07-19 23:09:17', '2017-07-19 23:09:17', '无');
INSERT INTO `base_area_finance` (`name`, `area_id`, `start_date`, `end_date`, `room_pay`, `person_pay`, `other_pay`, `cost_buy`, `income`, `tax`, `sales_commission`, `pay1`, `pay3`, `pay2`, `del_flag`, `item_status`, `creator_id`, `updater_id`, `create_time`, `update_time`, `remark`) VALUES ('石家庄公司', 4, '2017-07-19 00:00:00', '2017-07-20 00:00:00', 1.00, 1.00, 1.00, 1.00, 1.00, 1.00, 1.00, 2.00, 0.00, 0.00, 0, 0, 0, 0, '2017-07-19 23:09:59', '2017-07-19 23:09:59', '无');
INSERT INTO `base_area_finance` (`name`, `area_id`, `start_date`, `end_date`, `room_pay`, `person_pay`, `other_pay`, `cost_buy`, `income`, `tax`, `sales_commission`, `pay1`, `pay3`, `pay2`, `del_flag`, `item_status`, `creator_id`, `updater_id`, `create_time`, `update_time`, `remark`) VALUES ('河北总公司', 3, '2017-07-01 00:00:00', '2017-07-13 00:00:00', 1.00, 2.00, 2.00, 2.00, 2.00, 2.00, 2.00, 3.00, 0.00, 0.00, 0, 0, 0, 0, '2017-07-19 23:10:51', '2017-07-19 23:10:51', '无');


INSERT INTO `base_custom` (`name`, `parent_id`, `custom_type`, `contacts`, `mobile`, `address`, `email`, `del_flag`, `item_status`, `creator_id`, `updater_id`, `create_time`, `update_time`, `remark`) VALUES ('北京-4A1', 0, 1, '北京-4A1联系人', '110', '北京-4A1联系人', '11@11.com', 0, 0, 0, 0, '2017-07-19 23:13:58', '2017-07-19 23:13:58', '11@11.com');
INSERT INTO `base_custom` (`name`, `parent_id`, `custom_type`, `contacts`, `mobile`, `address`, `email`, `del_flag`, `item_status`, `creator_id`, `updater_id`, `create_time`, `update_time`, `remark`) VALUES ('北京直客1', 2, 2, '北京直客1联系人', '1101', '北京直客1联系人', '222@22.com', 0, 0, 0, 0, '2017-07-19 23:14:49', '2017-07-19 23:14:49', '1');
INSERT INTO `base_custom` (`name`, `parent_id`, `custom_type`, `contacts`, `mobile`, `address`, `email`, `del_flag`, `item_status`, `creator_id`, `updater_id`, `create_time`, `update_time`, `remark`) VALUES ('北京代理1', 1, 0, '北京代理1联系人', '1101', '1', '11@11.com', 0, 0, 0, 0, '2017-07-19 23:17:15', '2017-07-19 23:17:15', '备注');
INSERT INTO `base_custom` (`name`, `parent_id`, `custom_type`, `contacts`, `mobile`, `address`, `email`, `del_flag`, `item_status`, `creator_id`, `updater_id`, `create_time`, `update_time`, `remark`) VALUES ('北京代理2', 1, 0, '北京代理2联系人', '12234455', '阿萨嘎嘎发送方', '22@22.com', 0, 0, 0, 0, '2017-07-19 23:18:41', '2017-07-19 23:18:41', '备注');


INSERT INTO `base_custom_finance` (`name`, `custom_id`, `start_date`, `end_date`, `room_pay`, `person_pay`, `other_pay`, `cost_buy`, `income`, `tax`, `sales_commission`, `pay1`, `pay2`, `pay3`, `del_flag`, `item_status`, `creator_id`, `updater_id`, `create_time`, `update_time`, `remark`) VALUES ('北京4A1客户一', 1, '2017-07-19 00:00:00', '2018-07-19 00:00:00', 100000.00, 100.00, 1.00, 1.00, 1.00, 1.00, 1.00, NULL, NULL, NULL, 0, 0, 0, 0, '2017-07-19 23:30:55', '2017-07-19 23:30:55', NULL);
INSERT INTO `base_custom_finance` (`name`, `custom_id`, `start_date`, `end_date`, `room_pay`, `person_pay`, `other_pay`, `cost_buy`, `income`, `tax`, `sales_commission`, `pay1`, `pay2`, `pay3`, `del_flag`, `item_status`, `creator_id`, `updater_id`, `create_time`, `update_time`, `remark`) VALUES ('北京直客1结算', 2, '2017-07-19 00:00:00', '2018-07-19 00:00:00', 100000.00, 11.00, 1.00, 1.00, 1.00, 1.00, 1.00, NULL, NULL, NULL, 0, 0, 0, 0, '2017-07-19 23:31:53', '2017-07-19 23:31:53', NULL);


INSERT INTO `base_dept` (`name`, `level`, `parent_id`, `sort`, `description`, `area_id`, `del_flag`, `item_status`, `create_time`, `update_time`) VALUES ('开发一部', 1, 0, 0, '34', 1, 0, 0, '2017-07-19 22:24:30', '2017-07-19 22:24:30');
INSERT INTO `base_dept` (`name`, `level`, `parent_id`, `sort`, `description`, `area_id`, `del_flag`, `item_status`, `create_time`, `update_time`) VALUES ('1本部-1分部', 2, 1, 0, '1本部-1分部', 1, 0, 0, '2017-07-19 23:33:37', '2017-07-19 23:33:37');
INSERT INTO `base_dept` (`name`, `level`, `parent_id`, `sort`, `description`, `area_id`, `del_flag`, `item_status`, `create_time`, `update_time`) VALUES ('开发二部', 1, 0, 0, '开发二部', 1, 0, 0, '2017-07-19 23:34:29', '2017-07-19 23:34:29');


INSERT INTO `base_financialindex` (`number`, `name`, `value`, `del_flag`, `item_status`, `creator_id`, `updater_id`, `create_time`, `update_time`, `remark`) VALUES ('编号1', '标签名', '1111', 0, 0, 0, 0, '2017-07-19 23:34:51', '2017-07-19 23:34:51', '备注');
INSERT INTO `base_financialindex` (`number`, `name`, `value`, `del_flag`, `item_status`, `creator_id`, `updater_id`, `create_time`, `update_time`, `remark`) VALUES ('编号2', '编号2', '2222', 0, 0, 0, 0, '2017-07-19 23:35:16', '2017-07-19 23:35:16', '备注');


INSERT INTO `base_industry` (`name`, `del_flag`, `item_status`, `create_time`, `update_time`) VALUES ('汽车', 0, 0, '2017-07-05 00:40:41', '2017-07-19 23:38:22');
INSERT INTO `base_industry` (`name`, `del_flag`, `item_status`, `create_time`, `update_time`) VALUES ('化妆品', 0, 0, '2017-07-19 23:38:29', '2017-07-19 23:38:29');
INSERT INTO `base_industry` (`name`, `del_flag`, `item_status`, `create_time`, `update_time`) VALUES ('快消', 0, 0, '2017-07-19 23:38:35', '2017-07-19 23:38:35');
INSERT INTO `base_industry` (`name`, `del_flag`, `item_status`, `create_time`, `update_time`) VALUES ('金融', 0, 0, '2017-07-19 23:38:41', '2017-07-19 23:38:41');
INSERT INTO `base_industry` (`name`, `del_flag`, `item_status`, `create_time`, `update_time`) VALUES ('旅游', 0, 0, '2017-07-19 23:38:48', '2017-07-19 23:38:48');
INSERT INTO `base_industry` (`name`, `del_flag`, `item_status`, `create_time`, `update_time`) VALUES ('教育', 0, 0, '2017-07-19 23:38:54', '2017-07-19 23:38:54');
INSERT INTO `base_industry` (`name`, `del_flag`, `item_status`, `create_time`, `update_time`) VALUES ('游戏', 0, 0, '2017-07-19 23:39:00', '2017-07-19 23:39:00');
INSERT INTO `base_industry` (`name`, `del_flag`, `item_status`, `create_time`, `update_time`) VALUES ('生活', 0, 0, '2017-07-19 23:39:07', '2017-07-19 23:39:07');
INSERT INTO `base_industry` (`name`, `del_flag`, `item_status`, `create_time`, `update_time`) VALUES ('IT', 0, 0, '2017-07-19 23:39:15', '2017-07-19 23:39:15');


INSERT INTO `base_media` (`code`, `name`, `del_flag`, `item_status`, `creator_id`, `updater_id`, `create_time`, `update_time`, `remark`) VALUES ('', '媒体1', 0, 0, 0, 0, '2017-07-11 22:56:11', '2017-07-19 23:43:57', '');
INSERT INTO `base_media` (`code`, `name`, `del_flag`, `item_status`, `creator_id`, `updater_id`, `create_time`, `update_time`, `remark`) VALUES ('', '媒体2', 0, 0, 0, 0, '2017-07-19 23:43:45', '2017-07-19 23:44:03', '');


INSERT INTO `base_media_type` (`name`, `del_flag`, `item_status`, `creator_id`, `updater_id`, `create_time`, `update_time`, `remark`) VALUES ('媒体类型1', 0, 0, 0, 0, '2017-07-19 23:44:10', '2017-07-19 23:44:10', '');
INSERT INTO `base_media_type` (`name`, `del_flag`, `item_status`, `creator_id`, `updater_id`, `create_time`, `update_time`, `remark`) VALUES ('媒体类型2', 0, 0, 0, 0, '2017-07-19 23:44:14', '2017-07-19 23:44:14', '');

INSERT INTO `base_monitor` (`name`, `link`, `del_flag`, `item_status`, `create_time`, `update_time`, `remark`) VALUES ('秒针', '秒针检测链接', 0, 0, '2017-07-05 00:40:51', '2017-07-19 23:45:53', '');
INSERT INTO `base_monitor` (`name`, `link`, `del_flag`, `item_status`, `create_time`, `update_time`, `remark`) VALUES ('Admaster', '检测链接', 0, 0, '2017-07-19 23:46:06', '2017-07-19 23:46:06', '');
INSERT INTO `base_monitor` (`name`, `link`, `del_flag`, `item_status`, `create_time`, `update_time`, `remark`) VALUES ('记刻', '检测链接', 0, 0, '2017-07-19 23:46:16', '2017-07-19 23:46:16', '');


INSERT INTO `base_region` (`name`, `type`, `parent_id`, `create_time`, `update_time`) VALUES ('上海', NULL, NULL, '2017-07-05 00:41:07', '2017-07-19 23:50:49');
INSERT INTO `base_region` (`name`, `type`, `parent_id`, `create_time`, `update_time`) VALUES ('北京', 1, 0, '2017-07-19 23:50:39', '2017-07-19 23:50:39');
INSERT INTO `base_region` (`name`, `type`, `parent_id`, `create_time`, `update_time`) VALUES ('河北', 1, 0, '2017-07-19 23:51:15', '2017-07-19 23:51:15');
INSERT INTO `base_region` (`name`, `type`, `parent_id`, `create_time`, `update_time`) VALUES ('延边', 1, 0, '2017-07-19 23:51:36', '2017-07-19 23:51:36');
INSERT INTO `base_region` (`name`, `type`, `parent_id`, `create_time`, `update_time`) VALUES ('北京朝阳', 1, 0, '2017-07-19 23:51:58', '2017-07-19 23:51:58');






INSERT INTO `base_person` (`name`, `area_id`, `mobile`, `address`, `email`, `dept_id`, `state`, `parent_id`, `del_flag`, `item_status`, `pay2`, `person_pay`, `create_time`, `update_time`, `remark`) VALUES ('u1', 1, '1111', '1111', '1111', 1, 0, 0, 0, 0, 0.00, 0.00, '2017-07-19 23:47:11', '2017-07-19 23:47:11', '');
INSERT INTO `base_person` (`name`, `area_id`, `mobile`, `address`, `email`, `dept_id`, `state`, `parent_id`, `del_flag`, `item_status`, `pay2`, `person_pay`, `create_time`, `update_time`, `remark`) VALUES ('u2', 1, '1', '1', '1', 1, 0, 0, 0, 0, 0.00, 0.00, '2017-07-19 23:47:58', '2017-07-19 23:47:58', '');
INSERT INTO `base_person` (`name`, `area_id`, `mobile`, `address`, `email`, `dept_id`, `state`, `parent_id`, `del_flag`, `item_status`, `pay2`, `person_pay`, `create_time`, `update_time`, `remark`) VALUES ('u3', 1, '1', '1', '1', 1, 0, 0, 0, 0, 0.00, 0.00, '2017-07-19 23:50:06', '2017-07-19 23:50:06', '');
INSERT INTO `base_person` (`name`, `area_id`, `mobile`, `address`, `email`, `dept_id`, `state`, `parent_id`, `del_flag`, `item_status`, `pay2`, `person_pay`, `create_time`, `update_time`, `remark`) VALUES ('u4', 1, '1', '1', '1', 1, 0, 0, 0, 0, 0.00, 0.00, '2017-07-19 23:50:06', '2017-07-19 23:50:06', '');
INSERT INTO `base_person` (`name`, `area_id`, `mobile`, `address`, `email`, `dept_id`, `state`, `parent_id`, `del_flag`, `item_status`, `pay2`, `person_pay`, `create_time`, `update_time`, `remark`) VALUES ('u5', 1, '1', '1', '1', 1, 0, 0, 0, 0, 0.00, 0.00, '2017-07-19 23:50:06', '2017-07-19 23:50:06', '');
INSERT INTO `base_person` (`name`, `area_id`, `mobile`, `address`, `email`, `dept_id`, `state`, `parent_id`, `del_flag`, `item_status`, `pay2`, `person_pay`, `create_time`, `update_time`, `remark`) VALUES ('u6', 1, '1', '1', '1', 1, 0, 0, 0, 0, 0.00, 0.00, '2017-07-19 23:50:06', '2017-07-19 23:50:06', '');
INSERT INTO `base_person` (`name`, `area_id`, `mobile`, `address`, `email`, `dept_id`, `state`, `parent_id`, `del_flag`, `item_status`, `pay2`, `person_pay`, `create_time`, `update_time`, `remark`) VALUES ('u7', 1, '1', '1', '1', 1, 0, 0, 0, 0, 0.00, 0.00, '2017-07-19 23:50:07', '2017-07-19 23:50:07', '');
INSERT INTO `base_person` (`name`, `area_id`, `mobile`, `address`, `email`, `dept_id`, `state`, `parent_id`, `del_flag`, `item_status`, `pay2`, `person_pay`, `create_time`, `update_time`, `remark`) VALUES ('u8', 1, '1', '1', '1', 1, 0, 0, 0, 0, 0.00, 0.00, '2017-07-19 23:50:07', '2017-07-19 23:50:07', '');



INSERT INTO `sys_user_role` (`admins`, `roles`, `create_time`, `update_time`) VALUES (2, 3, '2017-07-20 16:28:48', '2017-07-20 16:28:48');
INSERT INTO `sys_user_role` (`admins`, `roles`, `create_time`, `update_time`) VALUES (3, 4, '2017-07-20 16:29:01', '2017-07-20 16:29:01');
INSERT INTO `sys_user_role` (`admins`, `roles`, `create_time`, `update_time`) VALUES (4, 5, '2017-07-20 16:29:10', '2017-07-20 16:29:10');
INSERT INTO `sys_user_role` (`admins`, `roles`, `create_time`, `update_time`) VALUES (5, 6, '2017-07-20 16:29:18', '2017-07-20 16:29:18');
INSERT INTO `sys_user_role` (`admins`, `roles`, `create_time`, `update_time`) VALUES (6, 7, '2017-07-20 16:29:26', '2017-07-20 16:29:26');
INSERT INTO `sys_user_role` (`admins`, `roles`, `create_time`, `update_time`) VALUES (7, 8, '2017-07-20 16:29:37', '2017-07-20 16:29:37');
INSERT INTO `sys_user_role` (`admins`, `roles`, `create_time`, `update_time`) VALUES (8, 2, '2017-07-20 16:29:44', '2017-07-20 16:29:44');
INSERT INTO `sys_user_role` (`admins`, `roles`, `create_time`, `update_time`) VALUES (9, 9, '2017-07-20 16:29:51', '2017-07-20 16:29:51');


INSERT INTO `sys_role_fuction` (`role_id`, `function_id`, `name`, `item_status`, `creator_id`, `updater_id`, `create_time`, `update_time`, `del_flag`) VALUES (2, 20101, '', 0, NULL, NULL, '2017-07-20 16:24:18', '2017-07-20 16:24:18', 0);
INSERT INTO `sys_role_fuction` (`role_id`, `function_id`, `name`, `item_status`, `creator_id`, `updater_id`, `create_time`, `update_time`, `del_flag`) VALUES (2, 20201, '', 0, NULL, NULL, '2017-07-20 16:24:19', '2017-07-20 16:24:19', 0);
INSERT INTO `sys_role_fuction` (`role_id`, `function_id`, `name`, `item_status`, `creator_id`, `updater_id`, `create_time`, `update_time`, `del_flag`) VALUES (2, 20202, '', 0, NULL, NULL, '2017-07-20 16:24:19', '2017-07-20 16:24:19', 0);
INSERT INTO `sys_role_fuction` (`role_id`, `function_id`, `name`, `item_status`, `creator_id`, `updater_id`, `create_time`, `update_time`, `del_flag`) VALUES (2, 20203, '', 0, NULL, NULL, '2017-07-20 16:24:19', '2017-07-20 16:24:19', 0);
INSERT INTO `sys_role_fuction` (`role_id`, `function_id`, `name`, `item_status`, `creator_id`, `updater_id`, `create_time`, `update_time`, `del_flag`) VALUES (2, 20301, '', 0, NULL, NULL, '2017-07-20 16:24:19', '2017-07-20 16:24:19', 0);
INSERT INTO `sys_role_fuction` (`role_id`, `function_id`, `name`, `item_status`, `creator_id`, `updater_id`, `create_time`, `update_time`, `del_flag`) VALUES (2, 20302, '', 0, NULL, NULL, '2017-07-20 16:24:19', '2017-07-20 16:24:19', 0);
INSERT INTO `sys_role_fuction` (`role_id`, `function_id`, `name`, `item_status`, `creator_id`, `updater_id`, `create_time`, `update_time`, `del_flag`) VALUES (2, 20303, '', 0, NULL, NULL, '2017-07-20 16:24:19', '2017-07-20 16:24:19', 0);
INSERT INTO `sys_role_fuction` (`role_id`, `function_id`, `name`, `item_status`, `creator_id`, `updater_id`, `create_time`, `update_time`, `del_flag`) VALUES (2, 20401, '', 0, NULL, NULL, '2017-07-20 16:24:19', '2017-07-20 16:24:19', 0);
INSERT INTO `sys_role_fuction` (`role_id`, `function_id`, `name`, `item_status`, `creator_id`, `updater_id`, `create_time`, `update_time`, `del_flag`) VALUES (2, 20402, '', 0, NULL, NULL, '2017-07-20 16:24:19', '2017-07-20 16:24:19', 0);
INSERT INTO `sys_role_fuction` (`role_id`, `function_id`, `name`, `item_status`, `creator_id`, `updater_id`, `create_time`, `update_time`, `del_flag`) VALUES (2, 20403, '', 0, NULL, NULL, '2017-07-20 16:24:19', '2017-07-20 16:24:19', 0);
INSERT INTO `sys_role_fuction` (`role_id`, `function_id`, `name`, `item_status`, `creator_id`, `updater_id`, `create_time`, `update_time`, `del_flag`) VALUES (2, 20501, '', 0, NULL, NULL, '2017-07-20 16:24:19', '2017-07-20 16:24:19', 0);
INSERT INTO `sys_role_fuction` (`role_id`, `function_id`, `name`, `item_status`, `creator_id`, `updater_id`, `create_time`, `update_time`, `del_flag`) VALUES (2, 20502, '', 0, NULL, NULL, '2017-07-20 16:24:19', '2017-07-20 16:24:19', 0);
INSERT INTO `sys_role_fuction` (`role_id`, `function_id`, `name`, `item_status`, `creator_id`, `updater_id`, `create_time`, `update_time`, `del_flag`) VALUES (2, 20503, '', 0, NULL, NULL, '2017-07-20 16:24:19', '2017-07-20 16:24:19', 0);
INSERT INTO `sys_role_fuction` (`role_id`, `function_id`, `name`, `item_status`, `creator_id`, `updater_id`, `create_time`, `update_time`, `del_flag`) VALUES (2, 30101, '', 0, NULL, NULL, '2017-07-20 16:24:19', '2017-07-20 16:24:19', 0);
INSERT INTO `sys_role_fuction` (`role_id`, `function_id`, `name`, `item_status`, `creator_id`, `updater_id`, `create_time`, `update_time`, `del_flag`) VALUES (2, 30201, '', 0, NULL, NULL, '2017-07-20 16:24:19', '2017-07-20 16:24:19', 0);
INSERT INTO `sys_role_fuction` (`role_id`, `function_id`, `name`, `item_status`, `creator_id`, `updater_id`, `create_time`, `update_time`, `del_flag`) VALUES (2, 30301, '', 0, NULL, NULL, '2017-07-20 16:24:19', '2017-07-20 16:24:19', 0);
INSERT INTO `sys_role_fuction` (`role_id`, `function_id`, `name`, `item_status`, `creator_id`, `updater_id`, `create_time`, `update_time`, `del_flag`) VALUES (3, 20101, '', 0, NULL, NULL, '2017-07-20 16:24:29', '2017-07-20 16:24:29', 0);
INSERT INTO `sys_role_fuction` (`role_id`, `function_id`, `name`, `item_status`, `creator_id`, `updater_id`, `create_time`, `update_time`, `del_flag`) VALUES (3, 20201, '', 0, NULL, NULL, '2017-07-20 16:24:29', '2017-07-20 16:24:29', 0);
INSERT INTO `sys_role_fuction` (`role_id`, `function_id`, `name`, `item_status`, `creator_id`, `updater_id`, `create_time`, `update_time`, `del_flag`) VALUES (3, 20202, '', 0, NULL, NULL, '2017-07-20 16:24:29', '2017-07-20 16:24:29', 0);
INSERT INTO `sys_role_fuction` (`role_id`, `function_id`, `name`, `item_status`, `creator_id`, `updater_id`, `create_time`, `update_time`, `del_flag`) VALUES (3, 20203, '', 0, NULL, NULL, '2017-07-20 16:24:29', '2017-07-20 16:24:29', 0);
INSERT INTO `sys_role_fuction` (`role_id`, `function_id`, `name`, `item_status`, `creator_id`, `updater_id`, `create_time`, `update_time`, `del_flag`) VALUES (3, 20301, '', 0, NULL, NULL, '2017-07-20 16:24:29', '2017-07-20 16:24:29', 0);
INSERT INTO `sys_role_fuction` (`role_id`, `function_id`, `name`, `item_status`, `creator_id`, `updater_id`, `create_time`, `update_time`, `del_flag`) VALUES (3, 20302, '', 0, NULL, NULL, '2017-07-20 16:24:29', '2017-07-20 16:24:29', 0);
INSERT INTO `sys_role_fuction` (`role_id`, `function_id`, `name`, `item_status`, `creator_id`, `updater_id`, `create_time`, `update_time`, `del_flag`) VALUES (3, 20303, '', 0, NULL, NULL, '2017-07-20 16:24:30', '2017-07-20 16:24:30', 0);
INSERT INTO `sys_role_fuction` (`role_id`, `function_id`, `name`, `item_status`, `creator_id`, `updater_id`, `create_time`, `update_time`, `del_flag`) VALUES (3, 20401, '', 0, NULL, NULL, '2017-07-20 16:24:30', '2017-07-20 16:24:30', 0);
INSERT INTO `sys_role_fuction` (`role_id`, `function_id`, `name`, `item_status`, `creator_id`, `updater_id`, `create_time`, `update_time`, `del_flag`) VALUES (3, 20402, '', 0, NULL, NULL, '2017-07-20 16:24:30', '2017-07-20 16:24:30', 0);
INSERT INTO `sys_role_fuction` (`role_id`, `function_id`, `name`, `item_status`, `creator_id`, `updater_id`, `create_time`, `update_time`, `del_flag`) VALUES (3, 20403, '', 0, NULL, NULL, '2017-07-20 16:24:30', '2017-07-20 16:24:30', 0);
INSERT INTO `sys_role_fuction` (`role_id`, `function_id`, `name`, `item_status`, `creator_id`, `updater_id`, `create_time`, `update_time`, `del_flag`) VALUES (3, 20501, '', 0, NULL, NULL, '2017-07-20 16:24:30', '2017-07-20 16:24:30', 0);
INSERT INTO `sys_role_fuction` (`role_id`, `function_id`, `name`, `item_status`, `creator_id`, `updater_id`, `create_time`, `update_time`, `del_flag`) VALUES (3, 20502, '', 0, NULL, NULL, '2017-07-20 16:24:30', '2017-07-20 16:24:30', 0);
INSERT INTO `sys_role_fuction` (`role_id`, `function_id`, `name`, `item_status`, `creator_id`, `updater_id`, `create_time`, `update_time`, `del_flag`) VALUES (3, 20503, '', 0, NULL, NULL, '2017-07-20 16:24:30', '2017-07-20 16:24:30', 0);
INSERT INTO `sys_role_fuction` (`role_id`, `function_id`, `name`, `item_status`, `creator_id`, `updater_id`, `create_time`, `update_time`, `del_flag`) VALUES (3, 30101, '', 0, NULL, NULL, '2017-07-20 16:24:30', '2017-07-20 16:24:30', 0);
INSERT INTO `sys_role_fuction` (`role_id`, `function_id`, `name`, `item_status`, `creator_id`, `updater_id`, `create_time`, `update_time`, `del_flag`) VALUES (3, 30201, '', 0, NULL, NULL, '2017-07-20 16:24:30', '2017-07-20 16:24:30', 0);
INSERT INTO `sys_role_fuction` (`role_id`, `function_id`, `name`, `item_status`, `creator_id`, `updater_id`, `create_time`, `update_time`, `del_flag`) VALUES (3, 30301, '', 0, NULL, NULL, '2017-07-20 16:24:30', '2017-07-20 16:24:30', 0);
INSERT INTO `sys_role_fuction` (`role_id`, `function_id`, `name`, `item_status`, `creator_id`, `updater_id`, `create_time`, `update_time`, `del_flag`) VALUES (4, 20101, '', 0, NULL, NULL, '2017-07-20 16:24:40', '2017-07-20 16:24:40', 0);
INSERT INTO `sys_role_fuction` (`role_id`, `function_id`, `name`, `item_status`, `creator_id`, `updater_id`, `create_time`, `update_time`, `del_flag`) VALUES (4, 20201, '', 0, NULL, NULL, '2017-07-20 16:24:41', '2017-07-20 16:24:41', 0);
INSERT INTO `sys_role_fuction` (`role_id`, `function_id`, `name`, `item_status`, `creator_id`, `updater_id`, `create_time`, `update_time`, `del_flag`) VALUES (4, 20202, '', 0, NULL, NULL, '2017-07-20 16:24:41', '2017-07-20 16:24:41', 0);
INSERT INTO `sys_role_fuction` (`role_id`, `function_id`, `name`, `item_status`, `creator_id`, `updater_id`, `create_time`, `update_time`, `del_flag`) VALUES (4, 20203, '', 0, NULL, NULL, '2017-07-20 16:24:41', '2017-07-20 16:24:41', 0);
INSERT INTO `sys_role_fuction` (`role_id`, `function_id`, `name`, `item_status`, `creator_id`, `updater_id`, `create_time`, `update_time`, `del_flag`) VALUES (4, 20301, '', 0, NULL, NULL, '2017-07-20 16:24:41', '2017-07-20 16:24:41', 0);
INSERT INTO `sys_role_fuction` (`role_id`, `function_id`, `name`, `item_status`, `creator_id`, `updater_id`, `create_time`, `update_time`, `del_flag`) VALUES (4, 20302, '', 0, NULL, NULL, '2017-07-20 16:24:41', '2017-07-20 16:24:41', 0);
INSERT INTO `sys_role_fuction` (`role_id`, `function_id`, `name`, `item_status`, `creator_id`, `updater_id`, `create_time`, `update_time`, `del_flag`) VALUES (4, 20303, '', 0, NULL, NULL, '2017-07-20 16:24:41', '2017-07-20 16:24:41', 0);
INSERT INTO `sys_role_fuction` (`role_id`, `function_id`, `name`, `item_status`, `creator_id`, `updater_id`, `create_time`, `update_time`, `del_flag`) VALUES (4, 20401, '', 0, NULL, NULL, '2017-07-20 16:24:41', '2017-07-20 16:24:41', 0);
INSERT INTO `sys_role_fuction` (`role_id`, `function_id`, `name`, `item_status`, `creator_id`, `updater_id`, `create_time`, `update_time`, `del_flag`) VALUES (4, 20402, '', 0, NULL, NULL, '2017-07-20 16:24:41', '2017-07-20 16:24:41', 0);
INSERT INTO `sys_role_fuction` (`role_id`, `function_id`, `name`, `item_status`, `creator_id`, `updater_id`, `create_time`, `update_time`, `del_flag`) VALUES (4, 20403, '', 0, NULL, NULL, '2017-07-20 16:24:41', '2017-07-20 16:24:41', 0);
INSERT INTO `sys_role_fuction` (`role_id`, `function_id`, `name`, `item_status`, `creator_id`, `updater_id`, `create_time`, `update_time`, `del_flag`) VALUES (4, 20501, '', 0, NULL, NULL, '2017-07-20 16:24:41', '2017-07-20 16:24:41', 0);
INSERT INTO `sys_role_fuction` (`role_id`, `function_id`, `name`, `item_status`, `creator_id`, `updater_id`, `create_time`, `update_time`, `del_flag`) VALUES (4, 20502, '', 0, NULL, NULL, '2017-07-20 16:24:41', '2017-07-20 16:24:41', 0);
INSERT INTO `sys_role_fuction` (`role_id`, `function_id`, `name`, `item_status`, `creator_id`, `updater_id`, `create_time`, `update_time`, `del_flag`) VALUES (4, 20503, '', 0, NULL, NULL, '2017-07-20 16:24:41', '2017-07-20 16:24:41', 0);
INSERT INTO `sys_role_fuction` (`role_id`, `function_id`, `name`, `item_status`, `creator_id`, `updater_id`, `create_time`, `update_time`, `del_flag`) VALUES (4, 30101, '', 0, NULL, NULL, '2017-07-20 16:24:41', '2017-07-20 16:24:41', 0);
INSERT INTO `sys_role_fuction` (`role_id`, `function_id`, `name`, `item_status`, `creator_id`, `updater_id`, `create_time`, `update_time`, `del_flag`) VALUES (4, 30201, '', 0, NULL, NULL, '2017-07-20 16:24:41', '2017-07-20 16:24:41', 0);
INSERT INTO `sys_role_fuction` (`role_id`, `function_id`, `name`, `item_status`, `creator_id`, `updater_id`, `create_time`, `update_time`, `del_flag`) VALUES (4, 30301, '', 0, NULL, NULL, '2017-07-20 16:24:41', '2017-07-20 16:24:41', 0);
INSERT INTO `sys_role_fuction` (`role_id`, `function_id`, `name`, `item_status`, `creator_id`, `updater_id`, `create_time`, `update_time`, `del_flag`) VALUES (5, 20101, '', 0, NULL, NULL, '2017-07-20 16:24:57', '2017-07-20 16:24:57', 0);
INSERT INTO `sys_role_fuction` (`role_id`, `function_id`, `name`, `item_status`, `creator_id`, `updater_id`, `create_time`, `update_time`, `del_flag`) VALUES (5, 20201, '', 0, NULL, NULL, '2017-07-20 16:24:57', '2017-07-20 16:24:57', 0);
INSERT INTO `sys_role_fuction` (`role_id`, `function_id`, `name`, `item_status`, `creator_id`, `updater_id`, `create_time`, `update_time`, `del_flag`) VALUES (5, 20202, '', 0, NULL, NULL, '2017-07-20 16:24:57', '2017-07-20 16:24:57', 0);
INSERT INTO `sys_role_fuction` (`role_id`, `function_id`, `name`, `item_status`, `creator_id`, `updater_id`, `create_time`, `update_time`, `del_flag`) VALUES (5, 20203, '', 0, NULL, NULL, '2017-07-20 16:24:57', '2017-07-20 16:24:57', 0);
INSERT INTO `sys_role_fuction` (`role_id`, `function_id`, `name`, `item_status`, `creator_id`, `updater_id`, `create_time`, `update_time`, `del_flag`) VALUES (5, 20301, '', 0, NULL, NULL, '2017-07-20 16:24:57', '2017-07-20 16:24:57', 0);
INSERT INTO `sys_role_fuction` (`role_id`, `function_id`, `name`, `item_status`, `creator_id`, `updater_id`, `create_time`, `update_time`, `del_flag`) VALUES (5, 20302, '', 0, NULL, NULL, '2017-07-20 16:24:57', '2017-07-20 16:24:57', 0);
INSERT INTO `sys_role_fuction` (`role_id`, `function_id`, `name`, `item_status`, `creator_id`, `updater_id`, `create_time`, `update_time`, `del_flag`) VALUES (5, 20303, '', 0, NULL, NULL, '2017-07-20 16:24:57', '2017-07-20 16:24:57', 0);
INSERT INTO `sys_role_fuction` (`role_id`, `function_id`, `name`, `item_status`, `creator_id`, `updater_id`, `create_time`, `update_time`, `del_flag`) VALUES (5, 20401, '', 0, NULL, NULL, '2017-07-20 16:24:57', '2017-07-20 16:24:57', 0);
INSERT INTO `sys_role_fuction` (`role_id`, `function_id`, `name`, `item_status`, `creator_id`, `updater_id`, `create_time`, `update_time`, `del_flag`) VALUES (5, 20402, '', 0, NULL, NULL, '2017-07-20 16:24:57', '2017-07-20 16:24:57', 0);
INSERT INTO `sys_role_fuction` (`role_id`, `function_id`, `name`, `item_status`, `creator_id`, `updater_id`, `create_time`, `update_time`, `del_flag`) VALUES (5, 20403, '', 0, NULL, NULL, '2017-07-20 16:24:57', '2017-07-20 16:24:57', 0);
INSERT INTO `sys_role_fuction` (`role_id`, `function_id`, `name`, `item_status`, `creator_id`, `updater_id`, `create_time`, `update_time`, `del_flag`) VALUES (5, 20501, '', 0, NULL, NULL, '2017-07-20 16:24:57', '2017-07-20 16:24:57', 0);
INSERT INTO `sys_role_fuction` (`role_id`, `function_id`, `name`, `item_status`, `creator_id`, `updater_id`, `create_time`, `update_time`, `del_flag`) VALUES (5, 20502, '', 0, NULL, NULL, '2017-07-20 16:24:57', '2017-07-20 16:24:57', 0);
INSERT INTO `sys_role_fuction` (`role_id`, `function_id`, `name`, `item_status`, `creator_id`, `updater_id`, `create_time`, `update_time`, `del_flag`) VALUES (5, 20503, '', 0, NULL, NULL, '2017-07-20 16:24:57', '2017-07-20 16:24:57', 0);
INSERT INTO `sys_role_fuction` (`role_id`, `function_id`, `name`, `item_status`, `creator_id`, `updater_id`, `create_time`, `update_time`, `del_flag`) VALUES (5, 30101, '', 0, NULL, NULL, '2017-07-20 16:24:57', '2017-07-20 16:24:57', 0);
INSERT INTO `sys_role_fuction` (`role_id`, `function_id`, `name`, `item_status`, `creator_id`, `updater_id`, `create_time`, `update_time`, `del_flag`) VALUES (5, 30201, '', 0, NULL, NULL, '2017-07-20 16:24:57', '2017-07-20 16:24:57', 0);
INSERT INTO `sys_role_fuction` (`role_id`, `function_id`, `name`, `item_status`, `creator_id`, `updater_id`, `create_time`, `update_time`, `del_flag`) VALUES (5, 30301, '', 0, NULL, NULL, '2017-07-20 16:24:57', '2017-07-20 16:24:57', 0);
INSERT INTO `sys_role_fuction` (`role_id`, `function_id`, `name`, `item_status`, `creator_id`, `updater_id`, `create_time`, `update_time`, `del_flag`) VALUES (6, 20101, '', 0, NULL, NULL, '2017-07-20 16:25:11', '2017-07-20 16:25:11', 0);
INSERT INTO `sys_role_fuction` (`role_id`, `function_id`, `name`, `item_status`, `creator_id`, `updater_id`, `create_time`, `update_time`, `del_flag`) VALUES (6, 20201, '', 0, NULL, NULL, '2017-07-20 16:25:11', '2017-07-20 16:25:11', 0);
INSERT INTO `sys_role_fuction` (`role_id`, `function_id`, `name`, `item_status`, `creator_id`, `updater_id`, `create_time`, `update_time`, `del_flag`) VALUES (6, 20202, '', 0, NULL, NULL, '2017-07-20 16:25:11', '2017-07-20 16:25:11', 0);
INSERT INTO `sys_role_fuction` (`role_id`, `function_id`, `name`, `item_status`, `creator_id`, `updater_id`, `create_time`, `update_time`, `del_flag`) VALUES (6, 20203, '', 0, NULL, NULL, '2017-07-20 16:25:12', '2017-07-20 16:25:12', 0);
INSERT INTO `sys_role_fuction` (`role_id`, `function_id`, `name`, `item_status`, `creator_id`, `updater_id`, `create_time`, `update_time`, `del_flag`) VALUES (6, 20301, '', 0, NULL, NULL, '2017-07-20 16:25:12', '2017-07-20 16:25:12', 0);
INSERT INTO `sys_role_fuction` (`role_id`, `function_id`, `name`, `item_status`, `creator_id`, `updater_id`, `create_time`, `update_time`, `del_flag`) VALUES (6, 20302, '', 0, NULL, NULL, '2017-07-20 16:25:12', '2017-07-20 16:25:12', 0);
INSERT INTO `sys_role_fuction` (`role_id`, `function_id`, `name`, `item_status`, `creator_id`, `updater_id`, `create_time`, `update_time`, `del_flag`) VALUES (6, 20303, '', 0, NULL, NULL, '2017-07-20 16:25:12', '2017-07-20 16:25:12', 0);
INSERT INTO `sys_role_fuction` (`role_id`, `function_id`, `name`, `item_status`, `creator_id`, `updater_id`, `create_time`, `update_time`, `del_flag`) VALUES (6, 20401, '', 0, NULL, NULL, '2017-07-20 16:25:12', '2017-07-20 16:25:12', 0);
INSERT INTO `sys_role_fuction` (`role_id`, `function_id`, `name`, `item_status`, `creator_id`, `updater_id`, `create_time`, `update_time`, `del_flag`) VALUES (6, 20402, '', 0, NULL, NULL, '2017-07-20 16:25:12', '2017-07-20 16:25:12', 0);
INSERT INTO `sys_role_fuction` (`role_id`, `function_id`, `name`, `item_status`, `creator_id`, `updater_id`, `create_time`, `update_time`, `del_flag`) VALUES (6, 20403, '', 0, NULL, NULL, '2017-07-20 16:25:12', '2017-07-20 16:25:12', 0);
INSERT INTO `sys_role_fuction` (`role_id`, `function_id`, `name`, `item_status`, `creator_id`, `updater_id`, `create_time`, `update_time`, `del_flag`) VALUES (6, 20501, '', 0, NULL, NULL, '2017-07-20 16:25:12', '2017-07-20 16:25:12', 0);
INSERT INTO `sys_role_fuction` (`role_id`, `function_id`, `name`, `item_status`, `creator_id`, `updater_id`, `create_time`, `update_time`, `del_flag`) VALUES (6, 20502, '', 0, NULL, NULL, '2017-07-20 16:25:12', '2017-07-20 16:25:12', 0);
INSERT INTO `sys_role_fuction` (`role_id`, `function_id`, `name`, `item_status`, `creator_id`, `updater_id`, `create_time`, `update_time`, `del_flag`) VALUES (6, 20503, '', 0, NULL, NULL, '2017-07-20 16:25:12', '2017-07-20 16:25:12', 0);
INSERT INTO `sys_role_fuction` (`role_id`, `function_id`, `name`, `item_status`, `creator_id`, `updater_id`, `create_time`, `update_time`, `del_flag`) VALUES (6, 30101, '', 0, NULL, NULL, '2017-07-20 16:25:12', '2017-07-20 16:25:12', 0);
INSERT INTO `sys_role_fuction` (`role_id`, `function_id`, `name`, `item_status`, `creator_id`, `updater_id`, `create_time`, `update_time`, `del_flag`) VALUES (6, 30201, '', 0, NULL, NULL, '2017-07-20 16:25:12', '2017-07-20 16:25:12', 0);
INSERT INTO `sys_role_fuction` (`role_id`, `function_id`, `name`, `item_status`, `creator_id`, `updater_id`, `create_time`, `update_time`, `del_flag`) VALUES (6, 30301, '', 0, NULL, NULL, '2017-07-20 16:25:12', '2017-07-20 16:25:12', 0);
INSERT INTO `sys_role_fuction` (`role_id`, `function_id`, `name`, `item_status`, `creator_id`, `updater_id`, `create_time`, `update_time`, `del_flag`) VALUES (7, 20101, '', 0, NULL, NULL, '2017-07-20 16:25:28', '2017-07-20 16:25:28', 0);
INSERT INTO `sys_role_fuction` (`role_id`, `function_id`, `name`, `item_status`, `creator_id`, `updater_id`, `create_time`, `update_time`, `del_flag`) VALUES (7, 20201, '', 0, NULL, NULL, '2017-07-20 16:25:29', '2017-07-20 16:25:29', 0);
INSERT INTO `sys_role_fuction` (`role_id`, `function_id`, `name`, `item_status`, `creator_id`, `updater_id`, `create_time`, `update_time`, `del_flag`) VALUES (7, 20202, '', 0, NULL, NULL, '2017-07-20 16:25:29', '2017-07-20 16:25:29', 0);
INSERT INTO `sys_role_fuction` (`role_id`, `function_id`, `name`, `item_status`, `creator_id`, `updater_id`, `create_time`, `update_time`, `del_flag`) VALUES (7, 20203, '', 0, NULL, NULL, '2017-07-20 16:25:29', '2017-07-20 16:25:29', 0);
INSERT INTO `sys_role_fuction` (`role_id`, `function_id`, `name`, `item_status`, `creator_id`, `updater_id`, `create_time`, `update_time`, `del_flag`) VALUES (7, 20301, '', 0, NULL, NULL, '2017-07-20 16:25:29', '2017-07-20 16:25:29', 0);
INSERT INTO `sys_role_fuction` (`role_id`, `function_id`, `name`, `item_status`, `creator_id`, `updater_id`, `create_time`, `update_time`, `del_flag`) VALUES (7, 20302, '', 0, NULL, NULL, '2017-07-20 16:25:29', '2017-07-20 16:25:29', 0);
INSERT INTO `sys_role_fuction` (`role_id`, `function_id`, `name`, `item_status`, `creator_id`, `updater_id`, `create_time`, `update_time`, `del_flag`) VALUES (7, 20303, '', 0, NULL, NULL, '2017-07-20 16:25:29', '2017-07-20 16:25:29', 0);
INSERT INTO `sys_role_fuction` (`role_id`, `function_id`, `name`, `item_status`, `creator_id`, `updater_id`, `create_time`, `update_time`, `del_flag`) VALUES (7, 20401, '', 0, NULL, NULL, '2017-07-20 16:25:29', '2017-07-20 16:25:29', 0);
INSERT INTO `sys_role_fuction` (`role_id`, `function_id`, `name`, `item_status`, `creator_id`, `updater_id`, `create_time`, `update_time`, `del_flag`) VALUES (7, 20402, '', 0, NULL, NULL, '2017-07-20 16:25:29', '2017-07-20 16:25:29', 0);
INSERT INTO `sys_role_fuction` (`role_id`, `function_id`, `name`, `item_status`, `creator_id`, `updater_id`, `create_time`, `update_time`, `del_flag`) VALUES (7, 20403, '', 0, NULL, NULL, '2017-07-20 16:25:29', '2017-07-20 16:25:29', 0);
INSERT INTO `sys_role_fuction` (`role_id`, `function_id`, `name`, `item_status`, `creator_id`, `updater_id`, `create_time`, `update_time`, `del_flag`) VALUES (7, 20501, '', 0, NULL, NULL, '2017-07-20 16:25:29', '2017-07-20 16:25:29', 0);
INSERT INTO `sys_role_fuction` (`role_id`, `function_id`, `name`, `item_status`, `creator_id`, `updater_id`, `create_time`, `update_time`, `del_flag`) VALUES (7, 20502, '', 0, NULL, NULL, '2017-07-20 16:25:29', '2017-07-20 16:25:29', 0);
INSERT INTO `sys_role_fuction` (`role_id`, `function_id`, `name`, `item_status`, `creator_id`, `updater_id`, `create_time`, `update_time`, `del_flag`) VALUES (7, 20503, '', 0, NULL, NULL, '2017-07-20 16:25:29', '2017-07-20 16:25:29', 0);
INSERT INTO `sys_role_fuction` (`role_id`, `function_id`, `name`, `item_status`, `creator_id`, `updater_id`, `create_time`, `update_time`, `del_flag`) VALUES (7, 30101, '', 0, NULL, NULL, '2017-07-20 16:25:29', '2017-07-20 16:25:29', 0);
INSERT INTO `sys_role_fuction` (`role_id`, `function_id`, `name`, `item_status`, `creator_id`, `updater_id`, `create_time`, `update_time`, `del_flag`) VALUES (7, 30201, '', 0, NULL, NULL, '2017-07-20 16:25:29', '2017-07-20 16:25:29', 0);
INSERT INTO `sys_role_fuction` (`role_id`, `function_id`, `name`, `item_status`, `creator_id`, `updater_id`, `create_time`, `update_time`, `del_flag`) VALUES (7, 30301, '', 0, NULL, NULL, '2017-07-20 16:25:29', '2017-07-20 16:25:29', 0);
INSERT INTO `sys_role_fuction` (`role_id`, `function_id`, `name`, `item_status`, `creator_id`, `updater_id`, `create_time`, `update_time`, `del_flag`) VALUES (8, 20101, '', 0, NULL, NULL, '2017-07-20 16:25:39', '2017-07-20 16:25:39', 0);
INSERT INTO `sys_role_fuction` (`role_id`, `function_id`, `name`, `item_status`, `creator_id`, `updater_id`, `create_time`, `update_time`, `del_flag`) VALUES (8, 20201, '', 0, NULL, NULL, '2017-07-20 16:25:39', '2017-07-20 16:25:39', 0);
INSERT INTO `sys_role_fuction` (`role_id`, `function_id`, `name`, `item_status`, `creator_id`, `updater_id`, `create_time`, `update_time`, `del_flag`) VALUES (8, 20202, '', 0, NULL, NULL, '2017-07-20 16:25:39', '2017-07-20 16:25:39', 0);
INSERT INTO `sys_role_fuction` (`role_id`, `function_id`, `name`, `item_status`, `creator_id`, `updater_id`, `create_time`, `update_time`, `del_flag`) VALUES (8, 20203, '', 0, NULL, NULL, '2017-07-20 16:25:40', '2017-07-20 16:25:40', 0);
INSERT INTO `sys_role_fuction` (`role_id`, `function_id`, `name`, `item_status`, `creator_id`, `updater_id`, `create_time`, `update_time`, `del_flag`) VALUES (8, 20301, '', 0, NULL, NULL, '2017-07-20 16:25:40', '2017-07-20 16:25:40', 0);
INSERT INTO `sys_role_fuction` (`role_id`, `function_id`, `name`, `item_status`, `creator_id`, `updater_id`, `create_time`, `update_time`, `del_flag`) VALUES (8, 20302, '', 0, NULL, NULL, '2017-07-20 16:25:40', '2017-07-20 16:25:40', 0);
INSERT INTO `sys_role_fuction` (`role_id`, `function_id`, `name`, `item_status`, `creator_id`, `updater_id`, `create_time`, `update_time`, `del_flag`) VALUES (8, 20303, '', 0, NULL, NULL, '2017-07-20 16:25:40', '2017-07-20 16:25:40', 0);
INSERT INTO `sys_role_fuction` (`role_id`, `function_id`, `name`, `item_status`, `creator_id`, `updater_id`, `create_time`, `update_time`, `del_flag`) VALUES (8, 20401, '', 0, NULL, NULL, '2017-07-20 16:25:40', '2017-07-20 16:25:40', 0);
INSERT INTO `sys_role_fuction` (`role_id`, `function_id`, `name`, `item_status`, `creator_id`, `updater_id`, `create_time`, `update_time`, `del_flag`) VALUES (8, 20402, '', 0, NULL, NULL, '2017-07-20 16:25:40', '2017-07-20 16:25:40', 0);
INSERT INTO `sys_role_fuction` (`role_id`, `function_id`, `name`, `item_status`, `creator_id`, `updater_id`, `create_time`, `update_time`, `del_flag`) VALUES (8, 20403, '', 0, NULL, NULL, '2017-07-20 16:25:40', '2017-07-20 16:25:40', 0);
INSERT INTO `sys_role_fuction` (`role_id`, `function_id`, `name`, `item_status`, `creator_id`, `updater_id`, `create_time`, `update_time`, `del_flag`) VALUES (8, 20501, '', 0, NULL, NULL, '2017-07-20 16:25:40', '2017-07-20 16:25:40', 0);
INSERT INTO `sys_role_fuction` (`role_id`, `function_id`, `name`, `item_status`, `creator_id`, `updater_id`, `create_time`, `update_time`, `del_flag`) VALUES (8, 20502, '', 0, NULL, NULL, '2017-07-20 16:25:40', '2017-07-20 16:25:40', 0);
INSERT INTO `sys_role_fuction` (`role_id`, `function_id`, `name`, `item_status`, `creator_id`, `updater_id`, `create_time`, `update_time`, `del_flag`) VALUES (8, 20503, '', 0, NULL, NULL, '2017-07-20 16:25:40', '2017-07-20 16:25:40', 0);
INSERT INTO `sys_role_fuction` (`role_id`, `function_id`, `name`, `item_status`, `creator_id`, `updater_id`, `create_time`, `update_time`, `del_flag`) VALUES (8, 30101, '', 0, NULL, NULL, '2017-07-20 16:25:40', '2017-07-20 16:25:40', 0);
INSERT INTO `sys_role_fuction` (`role_id`, `function_id`, `name`, `item_status`, `creator_id`, `updater_id`, `create_time`, `update_time`, `del_flag`) VALUES (8, 30201, '', 0, NULL, NULL, '2017-07-20 16:25:40', '2017-07-20 16:25:40', 0);
INSERT INTO `sys_role_fuction` (`role_id`, `function_id`, `name`, `item_status`, `creator_id`, `updater_id`, `create_time`, `update_time`, `del_flag`) VALUES (8, 30301, '', 0, NULL, NULL, '2017-07-20 16:25:40', '2017-07-20 16:25:40', 0);
INSERT INTO `sys_role_fuction` (`role_id`, `function_id`, `name`, `item_status`, `creator_id`, `updater_id`, `create_time`, `update_time`, `del_flag`) VALUES (9, 20101, '', 0, NULL, NULL, '2017-07-20 16:25:55', '2017-07-20 16:25:55', 0);
INSERT INTO `sys_role_fuction` (`role_id`, `function_id`, `name`, `item_status`, `creator_id`, `updater_id`, `create_time`, `update_time`, `del_flag`) VALUES (9, 20201, '', 0, NULL, NULL, '2017-07-20 16:25:56', '2017-07-20 16:25:56', 0);
INSERT INTO `sys_role_fuction` (`role_id`, `function_id`, `name`, `item_status`, `creator_id`, `updater_id`, `create_time`, `update_time`, `del_flag`) VALUES (9, 20202, '', 0, NULL, NULL, '2017-07-20 16:25:56', '2017-07-20 16:25:56', 0);
INSERT INTO `sys_role_fuction` (`role_id`, `function_id`, `name`, `item_status`, `creator_id`, `updater_id`, `create_time`, `update_time`, `del_flag`) VALUES (9, 20203, '', 0, NULL, NULL, '2017-07-20 16:25:56', '2017-07-20 16:25:56', 0);
INSERT INTO `sys_role_fuction` (`role_id`, `function_id`, `name`, `item_status`, `creator_id`, `updater_id`, `create_time`, `update_time`, `del_flag`) VALUES (9, 20301, '', 0, NULL, NULL, '2017-07-20 16:25:56', '2017-07-20 16:25:56', 0);
INSERT INTO `sys_role_fuction` (`role_id`, `function_id`, `name`, `item_status`, `creator_id`, `updater_id`, `create_time`, `update_time`, `del_flag`) VALUES (9, 20302, '', 0, NULL, NULL, '2017-07-20 16:25:56', '2017-07-20 16:25:56', 0);
INSERT INTO `sys_role_fuction` (`role_id`, `function_id`, `name`, `item_status`, `creator_id`, `updater_id`, `create_time`, `update_time`, `del_flag`) VALUES (9, 20303, '', 0, NULL, NULL, '2017-07-20 16:25:56', '2017-07-20 16:25:56', 0);
INSERT INTO `sys_role_fuction` (`role_id`, `function_id`, `name`, `item_status`, `creator_id`, `updater_id`, `create_time`, `update_time`, `del_flag`) VALUES (9, 20401, '', 0, NULL, NULL, '2017-07-20 16:25:56', '2017-07-20 16:25:56', 0);
INSERT INTO `sys_role_fuction` (`role_id`, `function_id`, `name`, `item_status`, `creator_id`, `updater_id`, `create_time`, `update_time`, `del_flag`) VALUES (9, 20402, '', 0, NULL, NULL, '2017-07-20 16:25:56', '2017-07-20 16:25:56', 0);
INSERT INTO `sys_role_fuction` (`role_id`, `function_id`, `name`, `item_status`, `creator_id`, `updater_id`, `create_time`, `update_time`, `del_flag`) VALUES (9, 20403, '', 0, NULL, NULL, '2017-07-20 16:25:56', '2017-07-20 16:25:56', 0);
INSERT INTO `sys_role_fuction` (`role_id`, `function_id`, `name`, `item_status`, `creator_id`, `updater_id`, `create_time`, `update_time`, `del_flag`) VALUES (9, 20501, '', 0, NULL, NULL, '2017-07-20 16:25:56', '2017-07-20 16:25:56', 0);
INSERT INTO `sys_role_fuction` (`role_id`, `function_id`, `name`, `item_status`, `creator_id`, `updater_id`, `create_time`, `update_time`, `del_flag`) VALUES (9, 20502, '', 0, NULL, NULL, '2017-07-20 16:25:56', '2017-07-20 16:25:56', 0);
INSERT INTO `sys_role_fuction` (`role_id`, `function_id`, `name`, `item_status`, `creator_id`, `updater_id`, `create_time`, `update_time`, `del_flag`) VALUES (9, 20503, '', 0, NULL, NULL, '2017-07-20 16:25:56', '2017-07-20 16:25:56', 0);
INSERT INTO `sys_role_fuction` (`role_id`, `function_id`, `name`, `item_status`, `creator_id`, `updater_id`, `create_time`, `update_time`, `del_flag`) VALUES (9, 30101, '', 0, NULL, NULL, '2017-07-20 16:25:56', '2017-07-20 16:25:56', 0);
INSERT INTO `sys_role_fuction` (`role_id`, `function_id`, `name`, `item_status`, `creator_id`, `updater_id`, `create_time`, `update_time`, `del_flag`) VALUES (9, 30201, '', 0, NULL, NULL, '2017-07-20 16:25:56', '2017-07-20 16:25:56', 0);
INSERT INTO `sys_role_fuction` (`role_id`, `function_id`, `name`, `item_status`, `creator_id`, `updater_id`, `create_time`, `update_time`, `del_flag`) VALUES (9, 30301, '', 0, NULL, NULL, '2017-07-20 16:25:56', '2017-07-20 16:25:56', 0);
